account_id,account_name,event_id,event_name,id-1
51,Organizador 51,7439,Evento 7439,76
36,Organizador 36,5154,Evento 5154,45
51,Organizador 51,594,Evento 594,152
51,Organizador 51,246,Evento 246,61
26,Organizador 26,458,Evento 458,133
26,Organizador 26,1375,Evento 1375,1
51,Organizador 51,300,Evento 300,913
18,Organizador 18,10094,Evento 10094,1184
18,Organizador 18,1508,Evento 1508,2
36,Organizador 36,5872,Evento 5872,65
51,Organizador 51,561,Evento 561,278
26,Organizador 26,14740,Evento 14740,1
51,Organizador 51,780,Evento 780,342
51,Organizador 51,328,Evento 328,379
24,Organizador 24,14744,Evento 14744,4
18,Organizador 18,5875,Evento 5875,11
51,Organizador 51,5054,Evento 5054,113
26,Organizador 26,2420,Evento 2420,65
51,Organizador 51,5494,Evento 5494,80
51,Organizador 51,4729,Evento 4729,258
36,Organizador 36,1810,Evento 1810,3
18,Organizador 18,1608,Evento 1608,226
26,Organizador 26,1760,Evento 1760,2
51,Organizador 51,872,Evento 872,468
18,Organizador 18,14437,Evento 14437,511
26,Organizador 26,9139,Evento 9139,102
45,Organizador 45,197,Evento 197,425
26,Organizador 26,732,Evento 732,83
51,Organizador 51,619,Evento 619,166
18,Organizador 18,6642,Evento 6642,9
51,Organizador 51,422,Evento 422,389
18,Organizador 18,10212,Evento 10212,1388
26,Organizador 26,778,Evento 778,12
24,Organizador 24,244,Evento 244,131
51,Organizador 51,1050,Evento 1050,341
26,Organizador 26,521,Evento 521,9
51,Organizador 51,217,Evento 217,8
51,Organizador 51,395,Evento 395,145
36,Organizador 36,7205,Evento 7205,59
26,Organizador 26,2336,Evento 2336,9
51,Organizador 51,12762,Evento 12762,230
51,Organizador 51,494,Evento 494,198
51,Organizador 51,842,Evento 842,18
51,Organizador 51,327,Evento 327,892
36,Organizador 36,519,Evento 519,20
26,Organizador 26,5046,Evento 5046,153
18,Organizador 18,6337,Evento 6337,10
36,Organizador 36,8844,Evento 8844,39
51,Organizador 51,394,Evento 394,81
36,Organizador 36,14211,Evento 14211,4
51,Organizador 51,551,Evento 551,452
18,Organizador 18,15246,Evento 15246,1563
51,Organizador 51,6996,Evento 6996,22
26,Organizador 26,311,Evento 311,234
18,Organizador 18,4656,Evento 4656,585
51,Organizador 51,953,Evento 953,214
26,Organizador 26,186,Evento 186,33
51,Organizador 51,6447,Evento 6447,265
51,Organizador 51,2085,Evento 2085,179
51,Organizador 51,3282,Evento 3282,255
36,Organizador 36,14746,Evento 14746,6
36,Organizador 36,1432,Evento 1432,8
36,Organizador 36,14384,Evento 14384,4
51,Organizador 51,6698,Evento 6698,26
36,Organizador 36,14535,Evento 14535,28
26,Organizador 26,10842,Evento 10842,92
51,Organizador 51,318,Evento 318,677
51,Organizador 51,393,Evento 393,515
18,Organizador 18,550,Evento 550,39
18,Organizador 18,11407,Evento 11407,66
51,Organizador 51,10324,Evento 10324,404
51,Organizador 51,540,Evento 540,612
51,Organizador 51,10392,Evento 10392,142
18,Organizador 18,3181,Evento 3181,100
36,Organizador 36,7311,Evento 7311,74
51,Organizador 51,4801,Evento 4801,263
26,Organizador 26,11375,Evento 11375,12
26,Organizador 26,779,Evento 779,143
26,Organizador 26,6181,Evento 6181,1
18,Organizador 18,9558,Evento 9558,179
18,Organizador 18,15037,Evento 15037,6
51,Organizador 51,226,Evento 226,517
51,Organizador 51,432,Evento 432,185
26,Organizador 26,13477,Evento 13477,3
51,Organizador 51,1351,Evento 1351,188
51,Organizador 51,1518,Evento 1518,349
36,Organizador 36,1616,Evento 1616,9
24,Organizador 24,5181,Evento 5181,1
51,Organizador 51,9711,Evento 9711,114
18,Organizador 18,11360,Evento 11360,35
51,Organizador 51,5997,Evento 5997,24
51,Organizador 51,2095,Evento 2095,137
36,Organizador 36,10229,Evento 10229,32
26,Organizador 26,6018,Evento 6018,34
51,Organizador 51,565,Evento 565,319
18,Organizador 18,11029,Evento 11029,1
51,Organizador 51,4579,Evento 4579,159
51,Organizador 51,355,Evento 355,1599
51,Organizador 51,8852,Evento 8852,36
26,Organizador 26,14604,Evento 14604,15
26,Organizador 26,1754,Evento 1754,222
26,Organizador 26,6156,Evento 6156,1
26,Organizador 26,557,Evento 557,3
26,Organizador 26,10791,Evento 10791,44
51,Organizador 51,7316,Evento 7316,7
18,Organizador 18,9826,Evento 9826,358
36,Organizador 36,11784,Evento 11784,16
51,Organizador 51,3392,Evento 3392,108
51,Organizador 51,4779,Evento 4779,5
26,Organizador 26,13793,Evento 13793,13
51,Organizador 51,1878,Evento 1878,263
18,Organizador 18,13450,Evento 13450,8
18,Organizador 18,5953,Evento 5953,295
36,Organizador 36,10481,Evento 10481,40
51,Organizador 51,7438,Evento 7438,1
51,Organizador 51,533,Evento 533,446
18,Organizador 18,6778,Evento 6778,1410
24,Organizador 24,1414,Evento 1414,2
26,Organizador 26,6424,Evento 6424,9
26,Organizador 26,483,Evento 483,2
18,Organizador 18,8832,Evento 8832,2725
26,Organizador 26,369,Evento 369,2
18,Organizador 18,14752,Evento 14752,11
51,Organizador 51,347,Evento 347,648
26,Organizador 26,1932,Evento 1932,131
51,Organizador 51,3238,Evento 3238,11
26,Organizador 26,13511,Evento 13511,1
26,Organizador 26,10878,Evento 10878,54
26,Organizador 26,559,Evento 559,11
36,Organizador 36,15606,Evento 15606,3
36,Organizador 36,4045,Evento 4045,3
45,Organizador 45,298,Evento 298,157
51,Organizador 51,2857,Evento 2857,256
51,Organizador 51,2445,Evento 2445,105
26,Organizador 26,329,Evento 329,134
51,Organizador 51,1740,Evento 1740,174
26,Organizador 26,12619,Evento 12619,6
26,Organizador 26,461,Evento 461,3258
51,Organizador 51,2321,Evento 2321,182
26,Organizador 26,489,Evento 489,1
26,Organizador 26,593,Evento 593,1
51,Organizador 51,1570,Evento 1570,208
51,Organizador 51,431,Evento 431,532
51,Organizador 51,601,Evento 601,425
36,Organizador 36,7001,Evento 7001,168
18,Organizador 18,5487,Evento 5487,9
51,Organizador 51,15229,Evento 15229,133
26,Organizador 26,428,Evento 428,58
36,Organizador 36,15412,Evento 15412,27
51,Organizador 51,243,Evento 243,85
26,Organizador 26,1065,Evento 1065,6
51,Organizador 51,359,Evento 359,20
26,Organizador 26,464,Evento 464,59
18,Organizador 18,8382,Evento 8382,765
51,Organizador 51,310,Evento 310,162
26,Organizador 26,1047,Evento 1047,8
51,Organizador 51,293,Evento 293,20
51,Organizador 51,396,Evento 396,334
18,Organizador 18,11816,Evento 11816,3
18,Organizador 18,9309,Evento 9309,909
51,Organizador 51,320,Evento 320,399
18,Organizador 18,1645,Evento 1645,35
18,Organizador 18,9890,Evento 9890,32
51,Organizador 51,9003,Evento 9003,330
51,Organizador 51,507,Evento 507,223
51,Organizador 51,11125,Evento 11125,2
26,Organizador 26,490,Evento 490,44
36,Organizador 36,11648,Evento 11648,1
18,Organizador 18,6379,Evento 6379,53
51,Organizador 51,383,Evento 383,10
51,Organizador 51,581,Evento 581,315
18,Organizador 18,15540,Evento 15540,3268
26,Organizador 26,664,Evento 664,48
51,Organizador 51,392,Evento 392,112
45,Organizador 45,299,Evento 299,597
26,Organizador 26,8270,Evento 8270,25
24,Organizador 24,267,Evento 267,37
36,Organizador 36,11965,Evento 11965,8
26,Organizador 26,9144,Evento 9144,42
36,Organizador 36,9527,Evento 9527,1
36,Organizador 36,10478,Evento 10478,4
51,Organizador 51,268,Evento 268,97
18,Organizador 18,13801,Evento 13801,19
36,Organizador 36,1938,Evento 1938,28
51,Organizador 51,349,Evento 349,707
18,Organizador 18,4187,Evento 4187,69
51,Organizador 51,5248,Evento 5248,192
36,Organizador 36,8417,Evento 8417,54
36,Organizador 36,15623,Evento 15623,2
18,Organizador 18,12058,Evento 12058,292
36,Organizador 36,5202,Evento 5202,1711
18,Organizador 18,7116,Evento 7116,17
51,Organizador 51,430,Evento 430,921
18,Organizador 18,1500,Evento 1500,30
36,Organizador 36,280,Evento 280,37
26,Organizador 26,160,Evento 160,4
36,Organizador 36,15526,Evento 15526,7
26,Organizador 26,10512,Evento 10512,33
26,Organizador 26,13769,Evento 13769,22
51,Organizador 51,10353,Evento 10353,86
24,Organizador 24,12647,Evento 12647,20
51,Organizador 51,272,Evento 272,82
24,Organizador 24,2029,Evento 2029,102
26,Organizador 26,8155,Evento 8155,2
36,Organizador 36,4392,Evento 4392,1
18,Organizador 18,12951,Evento 12951,25
18,Organizador 18,3489,Evento 3489,176
26,Organizador 26,13131,Evento 13131,14
18,Organizador 18,15063,Evento 15063,40
51,Organizador 51,452,Evento 452,735
51,Organizador 51,562,Evento 562,240
18,Organizador 18,9611,Evento 9611,251
26,Organizador 26,12734,Evento 12734,17
36,Organizador 36,10198,Evento 10198,42
26,Organizador 26,3848,Evento 3848,172
18,Organizador 18,3332,Evento 3332,10
36,Organizador 36,8838,Evento 8838,31
56,Organizador 56,390,Evento 390,496
51,Organizador 51,909,Evento 909,706
51,Organizador 51,384,Evento 384,493
18,Organizador 18,7839,Evento 7839,463
51,Organizador 51,1872,Evento 1872,11
18,Organizador 18,2894,Evento 2894,526
51,Organizador 51,1130,Evento 1130,234
26,Organizador 26,838,Evento 838,8
18,Organizador 18,5491,Evento 5491,2950
26,Organizador 26,10240,Evento 10240,38
36,Organizador 36,14857,Evento 14857,8
51,Organizador 51,11824,Evento 11824,307
36,Organizador 36,6507,Evento 6507,71
36,Organizador 36,2388,Evento 2388,4
36,Organizador 36,5956,Evento 5956,7
51,Organizador 51,473,Evento 473,499
36,Organizador 36,11287,Evento 11287,10
26,Organizador 26,7369,Evento 7369,79
36,Organizador 36,14377,Evento 14377,4
18,Organizador 18,5355,Evento 5355,2
51,Organizador 51,10304,Evento 10304,70
36,Organizador 36,8809,Evento 8809,88
26,Organizador 26,1077,Evento 1077,58
51,Organizador 51,276,Evento 276,127
26,Organizador 26,1736,Evento 1736,91
18,Organizador 18,9465,Evento 9465,2129
51,Organizador 51,387,Evento 387,447
18,Organizador 18,15538,Evento 15538,8
45,Organizador 45,354,Evento 354,914
51,Organizador 51,348,Evento 348,187
26,Organizador 26,10166,Evento 10166,48
51,Organizador 51,501,Evento 501,305
26,Organizador 26,5241,Evento 5241,19
36,Organizador 36,9898,Evento 9898,38
51,Organizador 51,10707,Evento 10707,139
18,Organizador 18,15592,Evento 15592,4
18,Organizador 18,8952,Evento 8952,13
26,Organizador 26,306,Evento 306,1
26,Organizador 26,10792,Evento 10792,4
36,Organizador 36,1808,Evento 1808,32
24,Organizador 24,10336,Evento 10336,10
18,Organizador 18,10767,Evento 10767,47
51,Organizador 51,610,Evento 610,344
26,Organizador 26,1412,Evento 1412,11
51,Organizador 51,503,Evento 503,571
51,Organizador 51,4229,Evento 4229,153
51,Organizador 51,3224,Evento 3224,120
18,Organizador 18,6872,Evento 6872,13
36,Organizador 36,15185,Evento 15185,17
18,Organizador 18,11827,Evento 11827,566
18,Organizador 18,5066,Evento 5066,3086
51,Organizador 51,2125,Evento 2125,228
18,Organizador 18,3524,Evento 3524,902
51,Organizador 51,10937,Evento 10937,30
51,Organizador 51,6091,Evento 6091,7
51,Organizador 51,1250,Evento 1250,329
36,Organizador 36,6354,Evento 6354,1
26,Organizador 26,14325,Evento 14325,5
51,Organizador 51,3321,Evento 3321,2
51,Organizador 51,1153,Evento 1153,178
26,Organizador 26,569,Evento 569,232
36,Organizador 36,1620,Evento 1620,1
36,Organizador 36,8611,Evento 8611,2
51,Organizador 51,13262,Evento 13262,223
26,Organizador 26,249,Evento 249,35
51,Organizador 51,6023,Evento 6023,244
26,Organizador 26,11298,Evento 11298,24
36,Organizador 36,435,Evento 435,4
18,Organizador 18,9163,Evento 9163,657
51,Organizador 51,382,Evento 382,419
24,Organizador 24,14562,Evento 14562,9
18,Organizador 18,9606,Evento 9606,439
51,Organizador 51,322,Evento 322,643
51,Organizador 51,491,Evento 491,320
18,Organizador 18,9636,Evento 9636,1237
36,Organizador 36,5719,Evento 5719,23
26,Organizador 26,6157,Evento 6157,1
51,Organizador 51,1124,Evento 1124,167
18,Organizador 18,11737,Evento 11737,10
18,Organizador 18,11632,Evento 11632,4
51,Organizador 51,560,Evento 560,301
18,Organizador 18,7367,Evento 7367,190
51,Organizador 51,1701,Evento 1701,141
36,Organizador 36,14472,Evento 14472,75
51,Organizador 51,2215,Evento 2215,311
18,Organizador 18,8903,Evento 8903,849
26,Organizador 26,493,Evento 493,158
36,Organizador 36,8012,Evento 8012,28
26,Organizador 26,566,Evento 566,1
51,Organizador 51,720,Evento 720,162
36,Organizador 36,11200,Evento 11200,16
36,Organizador 36,2900,Evento 2900,55
26,Organizador 26,401,Evento 401,193
18,Organizador 18,12742,Evento 12742,7
51,Organizador 51,240,Evento 240,59
18,Organizador 18,4084,Evento 4084,608
26,Organizador 26,12657,Evento 12657,2
51,Organizador 51,346,Evento 346,37
26,Organizador 26,1759,Evento 1759,1
51,Organizador 51,6057,Evento 6057,499
51,Organizador 51,10900,Evento 10900,333
36,Organizador 36,4538,Evento 4538,208
24,Organizador 24,15070,Evento 15070,7
51,Organizador 51,504,Evento 504,41
18,Organizador 18,14940,Evento 14940,57
26,Organizador 26,6179,Evento 6179,1
26,Organizador 26,15034,Evento 15034,7
51,Organizador 51,576,Evento 576,201
24,Organizador 24,6335,Evento 6335,83
51,Organizador 51,612,Evento 612,650
18,Organizador 18,15007,Evento 15007,33
51,Organizador 51,621,Evento 621,179
36,Organizador 36,7535,Evento 7535,3
26,Organizador 26,1764,Evento 1764,100
51,Organizador 51,574,Evento 574,820
18,Organizador 18,5959,Evento 5959,31
36,Organizador 36,2195,Evento 2195,219
26,Organizador 26,1496,Evento 1496,89
56,Organizador 56,1896,Evento 1896,264
36,Organizador 36,211,Evento 211,1
51,Organizador 51,889,Evento 889,122
51,Organizador 51,7529,Evento 7529,204
36,Organizador 36,14879,Evento 14879,12
18,Organizador 18,12401,Evento 12401,437
18,Organizador 18,3829,Evento 3829,5
36,Organizador 36,174,Evento 174,2
26,Organizador 26,11211,Evento 11211,115
36,Organizador 36,5356,Evento 5356,19
26,Organizador 26,14470,Evento 14470,4
36,Organizador 36,14579,Evento 14579,1
26,Organizador 26,10932,Evento 10932,33
51,Organizador 51,277,Evento 277,301
51,Organizador 51,1879,Evento 1879,1
26,Organizador 26,945,Evento 945,1
26,Organizador 26,9100,Evento 9100,36
26,Organizador 26,531,Evento 531,51
26,Organizador 26,1506,Evento 1506,184
51,Organizador 51,5860,Evento 5860,236
36,Organizador 36,208,Evento 208,1
51,Organizador 51,528,Evento 528,385
36,Organizador 36,166,Evento 166,1
36,Organizador 36,8854,Evento 8854,10
51,Organizador 51,2110,Evento 2110,423
51,Organizador 51,301,Evento 301,1017
26,Organizador 26,367,Evento 367,48
26,Organizador 26,454,Evento 454,8
36,Organizador 36,13077,Evento 13077,4
45,Organizador 45,239,Evento 239,243
24,Organizador 24,128,Evento 128,3
26,Organizador 26,5157,Evento 5157,28
26,Organizador 26,3176,Evento 3176,45
18,Organizador 18,4390,Evento 4390,50
36,Organizador 36,7536,Evento 7536,34
24,Organizador 24,11652,Evento 11652,32
51,Organizador 51,5620,Evento 5620,161
18,Organizador 18,3990,Evento 3990,543
45,Organizador 45,289,Evento 289,200
36,Organizador 36,14858,Evento 14858,1
18,Organizador 18,14696,Evento 14696,20
36,Organizador 36,13313,Evento 13313,26
51,Organizador 51,363,Evento 363,338
24,Organizador 24,4453,Evento 4453,36
36,Organizador 36,7395,Evento 7395,7
51,Organizador 51,537,Evento 537,707
51,Organizador 51,9183,Evento 9183,215
51,Organizador 51,326,Evento 326,266
51,Organizador 51,495,Evento 495,316
51,Organizador 51,11837,Evento 11837,54
18,Organizador 18,2895,Evento 2895,383
26,Organizador 26,11290,Evento 11290,11
18,Organizador 18,3874,Evento 3874,459
36,Organizador 36,15208,Evento 15208,8
26,Organizador 26,10543,Evento 10543,14
26,Organizador 26,746,Evento 746,18
36,Organizador 36,11904,Evento 11904,1
51,Organizador 51,782,Evento 782,587
51,Organizador 51,426,Evento 426,143
18,Organizador 18,15196,Evento 15196,28
51,Organizador 51,259,Evento 259,61
18,Organizador 18,1916,Evento 1916,62
56,Organizador 56,222,Evento 222,788
26,Organizador 26,6095,Evento 6095,1
18,Organizador 18,10417,Evento 10417,1030
51,Organizador 51,5160,Evento 5160,38
26,Organizador 26,11474,Evento 11474,7
36,Organizador 36,184,Evento 184,8
51,Organizador 51,539,Evento 539,345
18,Organizador 18,3893,Evento 3893,1168
51,Organizador 51,4153,Evento 4153,63
18,Organizador 18,4738,Evento 4738,1875
51,Organizador 51,377,Evento 377,289
26,Organizador 26,14456,Evento 14456,27
51,Organizador 51,538,Evento 538,424
51,Organizador 51,439,Evento 439,523
51,Organizador 51,1941,Evento 1941,12
36,Organizador 36,13463,Evento 13463,22
36,Organizador 36,14698,Evento 14698,1
36,Organizador 36,1246,Evento 1246,5
56,Organizador 56,221,Evento 221,2238
36,Organizador 36,11634,Evento 11634,2
36,Organizador 36,12953,Evento 12953,2
18,Organizador 18,11887,Evento 11887,932
36,Organizador 36,6491,Evento 6491,26
51,Organizador 51,356,Evento 356,485
24,Organizador 24,1840,Evento 1840,145
26,Organizador 26,1757,Evento 1757,113
26,Organizador 26,10162,Evento 10162,3
51,Organizador 51,344,Evento 344,743
26,Organizador 26,678,Evento 678,31
26,Organizador 26,450,Evento 450,4
26,Organizador 26,613,Evento 613,10
26,Organizador 26,716,Evento 716,1
51,Organizador 51,5717,Evento 5717,10
18,Organizador 18,3944,Evento 3944,532
18,Organizador 18,5331,Evento 5331,4
36,Organizador 36,7442,Evento 7442,24
26,Organizador 26,236,Evento 236,52
36,Organizador 36,12338,Evento 12338,3
26,Organizador 26,7932,Evento 7932,9
26,Organizador 26,350,Evento 350,194
18,Organizador 18,351,Evento 351,10
18,Organizador 18,710,Evento 710,25
36,Organizador 36,3124,Evento 3124,98
51,Organizador 51,3881,Evento 3881,428
36,Organizador 36,1449,Evento 1449,3
51,Organizador 51,4728,Evento 4728,376
26,Organizador 26,5794,Evento 5794,1
51,Organizador 51,817,Evento 817,540
26,Organizador 26,585,Evento 585,1
18,Organizador 18,7694,Evento 7694,2
26,Organizador 26,484,Evento 484,84
26,Organizador 26,699,Evento 699,1
51,Organizador 51,2858,Evento 2858,322
51,Organizador 51,440,Evento 440,214
18,Organizador 18,10339,Evento 10339,51
18,Organizador 18,5187,Evento 5187,6570
51,Organizador 51,4554,Evento 4554,43
36,Organizador 36,1517,Evento 1517,1
51,Organizador 51,5303,Evento 5303,192
26,Organizador 26,14748,Evento 14748,6
51,Organizador 51,523,Evento 523,226
51,Organizador 51,509,Evento 509,26
51,Organizador 51,6895,Evento 6895,416
51,Organizador 51,482,Evento 482,253
18,Organizador 18,6779,Evento 6779,4744
18,Organizador 18,1638,Evento 1638,174
36,Organizador 36,14071,Evento 14071,14
36,Organizador 36,8635,Evento 8635,26
36,Organizador 36,212,Evento 212,10
26,Organizador 26,499,Evento 499,10
36,Organizador 36,12949,Evento 12949,3
51,Organizador 51,1592,Evento 1592,315
51,Organizador 51,385,Evento 385,313
18,Organizador 18,266,Evento 266,14
26,Organizador 26,6096,Evento 6096,1
36,Organizador 36,14775,Evento 14775,3
18,Organizador 18,13338,Evento 13338,15
51,Organizador 51,3820,Evento 3820,172
26,Organizador 26,313,Evento 313,256
24,Organizador 24,11649,Evento 11649,20
51,Organizador 51,1222,Evento 1222,305
26,Organizador 26,835,Evento 835,169
24,Organizador 24,159,Evento 159,3
